id,symbol,price,crypto_timestamp
100609,ETHBTC,0.02801700,"2019-06-25 01:43:06"
100613,EOSBTC,0.00065470,"2019-06-25 01:43:06"
100612,BCCBTC,0.07908100,"2019-06-25 01:43:06"
100614,BNBBTC,0.00335600,"2019-06-25 01:43:06"
100611,LTCBTC,0.01231600,"2019-06-25 01:43:06"
100610,XRPBTC,0.00004259,"2019-06-25 01:43:06"
100542,BNBBTC,0.00335600,"2019-06-25 01:43:05"
100592,XRPBTC,0.00004259,"2019-06-25 01:43:05"
100607,EOSBTC,0.00065470,"2019-06-25 01:43:05"
100584,BNBBTC,0.00335600,"2019-06-25 01:43:05"
100528,BCCBTC,0.07908100,"2019-06-25 01:43:05"
100550,XRPBTC,0.00004259,"2019-06-25 01:43:05"
100545,LTCBTC,0.01231600,"2019-06-25 01:43:05"
100576,BCCBTC,0.07908100,"2019-06-25 01:43:05"
100572,BNBBTC,0.00335600,"2019-06-25 01:43:05"
100605,LTCBTC,0.01231600,"2019-06-25 01:43:05"
100573,ETHBTC,0.02801700,"2019-06-25 01:43:05"
100536,BNBBTC,0.00335600,"2019-06-25 01:43:05"
100540,BCCBTC,0.07908100,"2019-06-25 01:43:05"
100600,BCCBTC,0.07908100,"2019-06-25 01:43:05"
100591,ETHBTC,0.02801700,"2019-06-25 01:43:05"
100587,LTCBTC,0.01231600,"2019-06-25 01:43:05"
100580,XRPBTC,0.00004259,"2019-06-25 01:43:05"
100608,BNBBTC,0.00335600,"2019-06-25 01:43:05"
100579,ETHBTC,0.02801700,"2019-06-25 01:43:05"
100544,XRPBTC,0.00004259,"2019-06-25 01:43:05"
100601,EOSBTC,0.00065470,"2019-06-25 01:43:05"
100554,BNBBTC,0.00335600,"2019-06-25 01:43:05"
100533,LTCBTC,0.01231600,"2019-06-25 01:43:05"
100589,EOSBTC,0.00065470,"2019-06-25 01:43:05"
100581,LTCBTC,0.01231600,"2019-06-25 01:43:05"
100525,ETHBTC,0.02801700,"2019-06-25 01:43:05"
100556,XRPBTC,0.00004259,"2019-06-25 01:43:05"
100559,EOSBTC,0.00065470,"2019-06-25 01:43:05"
100596,BNBBTC,0.00335600,"2019-06-25 01:43:05"
100562,XRPBTC,0.00004259,"2019-06-25 01:43:05"
100534,BCCBTC,0.07908100,"2019-06-25 01:43:05"
100526,XRPBTC,0.00004259,"2019-06-25 01:43:05"
100563,LTCBTC,0.01231600,"2019-06-25 01:43:05"
100575,LTCBTC,0.01231600,"2019-06-25 01:43:05"
100583,EOSBTC,0.00065470,"2019-06-25 01:43:05"
100558,BCCBTC,0.07908100,"2019-06-25 01:43:05"
100529,EOSBTC,0.00065470,"2019-06-25 01:43:05"
100537,ETHBTC,0.02801700,"2019-06-25 01:43:05"
100552,BCCBTC,0.07908100,"2019-06-25 01:43:05"
100598,XRPBTC,0.00004259,"2019-06-25 01:43:05"
100570,BCCBTC,0.07908100,"2019-06-25 01:43:05"
100541,EOSBTC,0.00065470,"2019-06-25 01:43:05"
100571,EOSBTC,0.00065470,"2019-06-25 01:43:05"
100549,ETHBTC,0.02801700,"2019-06-25 01:43:05"
100551,LTCBTC,0.01231600,"2019-06-25 01:43:05"
100586,XRPBTC,0.00004259,"2019-06-25 01:43:05"
100553,EOSBTC,0.00065470,"2019-06-25 01:43:05"
100546,BCCBTC,0.07908100,"2019-06-25 01:43:05"
100578,BNBBTC,0.00335600,"2019-06-25 01:43:05"
100547,EOSBTC,0.00065470,"2019-06-25 01:43:05"
100557,LTCBTC,0.01231600,"2019-06-25 01:43:05"
100603,ETHBTC,0.02801700,"2019-06-25 01:43:05"
100595,EOSBTC,0.00065470,"2019-06-25 01:43:05"
100555,ETHBTC,0.02801700,"2019-06-25 01:43:05"
100565,EOSBTC,0.00065470,"2019-06-25 01:43:05"
100602,BNBBTC,0.00335600,"2019-06-25 01:43:05"
100561,ETHBTC,0.02801700,"2019-06-25 01:43:05"
100588,BCCBTC,0.07908100,"2019-06-25 01:43:05"
100564,BCCBTC,0.07908100,"2019-06-25 01:43:05"
100594,BCCBTC,0.07908100,"2019-06-25 01:43:05"
100538,XRPBTC,0.00004259,"2019-06-25 01:43:05"
100606,BCCBTC,0.07908100,"2019-06-25 01:43:05"
100539,LTCBTC,0.01231600,"2019-06-25 01:43:05"
100568,XRPBTC,0.00004259,"2019-06-25 01:43:05"
100604,XRPBTC,0.00004259,"2019-06-25 01:43:05"
100597,ETHBTC,0.02801700,"2019-06-25 01:43:05"
100527,LTCBTC,0.01231600,"2019-06-25 01:43:05"
100574,XRPBTC,0.00004259,"2019-06-25 01:43:05"
100543,ETHBTC,0.02801700,"2019-06-25 01:43:05"
100532,XRPBTC,0.00004259,"2019-06-25 01:43:05"
100535,EOSBTC,0.00065470,"2019-06-25 01:43:05"
100582,BCCBTC,0.07908100,"2019-06-25 01:43:05"
100590,BNBBTC,0.00335600,"2019-06-25 01:43:05"
100530,BNBBTC,0.00335600,"2019-06-25 01:43:05"
100569,LTCBTC,0.01231600,"2019-06-25 01:43:05"
100585,ETHBTC,0.02801700,"2019-06-25 01:43:05"
100560,BNBBTC,0.00335600,"2019-06-25 01:43:05"
100548,BNBBTC,0.00335600,"2019-06-25 01:43:05"
100599,LTCBTC,0.01231600,"2019-06-25 01:43:05"
100566,BNBBTC,0.00335600,"2019-06-25 01:43:05"
100577,EOSBTC,0.00065470,"2019-06-25 01:43:05"
100531,ETHBTC,0.02801700,"2019-06-25 01:43:05"
100593,LTCBTC,0.01231600,"2019-06-25 01:43:05"
100567,ETHBTC,0.02801700,"2019-06-25 01:43:05"
100522,BCCBTC,0.07908100,"2019-06-25 01:42:06"
100519,ETHBTC,0.02801900,"2019-06-25 01:42:06"
100521,LTCBTC,0.01231800,"2019-06-25 01:42:06"
100520,XRPBTC,0.00004257,"2019-06-25 01:42:06"
100523,EOSBTC,0.00065470,"2019-06-25 01:42:06"
100524,BNBBTC,0.00335960,"2019-06-25 01:42:06"
100473,LTCBTC,0.01231800,"2019-06-25 01:42:05"
100511,EOSBTC,0.00065470,"2019-06-25 01:42:05"
100444,BCCBTC,0.07908100,"2019-06-25 01:42:05"
100500,BNBBTC,0.00335960,"2019-06-25 01:42:05"
100441,ETHBTC,0.02801900,"2019-06-25 01:42:05"
100487,EOSBTC,0.00065470,"2019-06-25 01:42:05"
100506,BNBBTC,0.00335960,"2019-06-25 01:42:05"
100510,BCCBTC,0.07908100,"2019-06-25 01:42:05"
100503,LTCBTC,0.01231800,"2019-06-25 01:42:05"
100482,BNBBTC,0.00335960,"2019-06-25 01:42:05"
100501,ETHBTC,0.02801900,"2019-06-25 01:42:05"
100494,BNBBTC,0.00335960,"2019-06-25 01:42:05"
100477,ETHBTC,0.02801900,"2019-06-25 01:42:05"
100474,BCCBTC,0.07908100,"2019-06-25 01:42:05"
100505,EOSBTC,0.00065470,"2019-06-25 01:42:05"
100468,BCCBTC,0.07908100,"2019-06-25 01:42:05"
100508,XRPBTC,0.00004260,"2019-06-25 01:42:05"
100490,XRPBTC,0.00004260,"2019-06-25 01:42:05"
100518,BNBBTC,0.00335960,"2019-06-25 01:42:05"
100476,BNBBTC,0.00335960,"2019-06-25 01:42:05"
100502,XRPBTC,0.00004260,"2019-06-25 01:42:05"
100484,XRPBTC,0.00004260,"2019-06-25 01:42:05"
100512,BNBBTC,0.00335960,"2019-06-25 01:42:05"
100460,XRPBTC,0.00004260,"2019-06-25 01:42:05"
100465,ETHBTC,0.02801900,"2019-06-25 01:42:05"
100507,ETHBTC,0.02801900,"2019-06-25 01:42:05"
100489,ETHBTC,0.02801900,"2019-06-25 01:42:05"
100469,EOSBTC,0.00065470,"2019-06-25 01:42:05"
100455,LTCBTC,0.01231800,"2019-06-25 01:42:05"
100463,EOSBTC,0.00065470,"2019-06-25 01:42:05"
100497,LTCBTC,0.01231800,"2019-06-25 01:42:05"
100472,XRPBTC,0.00004260,"2019-06-25 01:42:05"
100479,LTCBTC,0.01231800,"2019-06-25 01:42:05"
100493,EOSBTC,0.00065470,"2019-06-25 01:42:05"
100478,XRPBTC,0.00004260,"2019-06-25 01:42:05"
100435,ETHBTC,0.02801900,"2019-06-25 01:42:05"
100480,BCCBTC,0.07908100,"2019-06-25 01:42:05"
100457,EOSBTC,0.00065470,"2019-06-25 01:42:05"
100496,XRPBTC,0.00004260,"2019-06-25 01:42:05"
100452,BNBBTC,0.00335960,"2019-06-25 01:42:05"
100514,XRPBTC,0.00004260,"2019-06-25 01:42:05"
100453,ETHBTC,0.02801900,"2019-06-25 01:42:05"
100461,LTCBTC,0.01231800,"2019-06-25 01:42:05"
100440,BNBBTC,0.00335960,"2019-06-25 01:42:05"
100443,LTCBTC,0.01231800,"2019-06-25 01:42:05"
100454,XRPBTC,0.00004260,"2019-06-25 01:42:05"
100485,LTCBTC,0.01231800,"2019-06-25 01:42:05"
100499,EOSBTC,0.00065470,"2019-06-25 01:42:05"
100450,BCCBTC,0.07908100,"2019-06-25 01:42:05"
100495,ETHBTC,0.02801900,"2019-06-25 01:42:05"
100491,LTCBTC,0.01231800,"2019-06-25 01:42:05"
100471,ETHBTC,0.02801900,"2019-06-25 01:42:05"
100486,BCCBTC,0.07908100,"2019-06-25 01:42:05"
100445,EOSBTC,0.00065470,"2019-06-25 01:42:05"
100488,BNBBTC,0.00335960,"2019-06-25 01:42:05"
100504,BCCBTC,0.07908100,"2019-06-25 01:42:05"
100458,BNBBTC,0.00335960,"2019-06-25 01:42:05"
100470,BNBBTC,0.00335960,"2019-06-25 01:42:05"
100459,ETHBTC,0.02801900,"2019-06-25 01:42:05"
100436,XRPBTC,0.00004260,"2019-06-25 01:42:05"
100446,BNBBTC,0.00335960,"2019-06-25 01:42:05"
100438,BCCBTC,0.07908100,"2019-06-25 01:42:05"
100451,EOSBTC,0.00065470,"2019-06-25 01:42:05"
100483,ETHBTC,0.02801900,"2019-06-25 01:42:05"
100515,LTCBTC,0.01231800,"2019-06-25 01:42:05"
100467,LTCBTC,0.01231800,"2019-06-25 01:42:05"
100442,XRPBTC,0.00004260,"2019-06-25 01:42:05"
100481,EOSBTC,0.00065470,"2019-06-25 01:42:05"
100509,LTCBTC,0.01231800,"2019-06-25 01:42:05"
100498,BCCBTC,0.07908100,"2019-06-25 01:42:05"
100475,EOSBTC,0.00065470,"2019-06-25 01:42:05"
100456,BCCBTC,0.07908100,"2019-06-25 01:42:05"
100492,BCCBTC,0.07908100,"2019-06-25 01:42:05"
100517,EOSBTC,0.00065470,"2019-06-25 01:42:05"
100437,LTCBTC,0.01231800,"2019-06-25 01:42:05"
100464,BNBBTC,0.00335960,"2019-06-25 01:42:05"
100516,BCCBTC,0.07908100,"2019-06-25 01:42:05"
100448,XRPBTC,0.00004260,"2019-06-25 01:42:05"
100513,ETHBTC,0.02801900,"2019-06-25 01:42:05"
100462,BCCBTC,0.07908100,"2019-06-25 01:42:05"
100447,ETHBTC,0.02801900,"2019-06-25 01:42:05"
100466,XRPBTC,0.00004260,"2019-06-25 01:42:05"
100449,LTCBTC,0.01231800,"2019-06-25 01:42:05"
100439,EOSBTC,0.00065470,"2019-06-25 01:42:05"
100432,BCCBTC,0.07908100,"2019-06-25 01:41:07"
100434,BNBBTC,0.00335610,"2019-06-25 01:41:07"
100431,LTCBTC,0.01231600,"2019-06-25 01:41:07"
100433,EOSBTC,0.00065400,"2019-06-25 01:41:07"
100430,XRPBTC,0.00004258,"2019-06-25 01:41:07"
100429,ETHBTC,0.02801700,"2019-06-25 01:41:07"
100427,EOSBTC,0.00065400,"2019-06-25 01:41:06"
100359,LTCBTC,0.01231600,"2019-06-25 01:41:06"
100374,BNBBTC,0.00335770,"2019-06-25 01:41:06"
100423,ETHBTC,0.02801700,"2019-06-25 01:41:06"
100357,ETHBTC,0.02801500,"2019-06-25 01:41:06"
100361,EOSBTC,0.00065400,"2019-06-25 01:41:06"
100372,BCCBTC,0.07908100,"2019-06-25 01:41:06"
100373,EOSBTC,0.00065400,"2019-06-25 01:41:06"
100371,LTCBTC,0.01231600,"2019-06-25 01:41:06"
100369,ETHBTC,0.02801700,"2019-06-25 01:41:06"
100425,LTCBTC,0.01231600,"2019-06-25 01:41:06"
100428,BNBBTC,0.00335610,"2019-06-25 01:41:06"
100360,BCCBTC,0.07908100,"2019-06-25 01:41:06"
100362,BNBBTC,0.00335780,"2019-06-25 01:41:06"
100426,BCCBTC,0.07908100,"2019-06-25 01:41:06"
100424,XRPBTC,0.00004258,"2019-06-25 01:41:06"
100358,XRPBTC,0.00004258,"2019-06-25 01:41:06"
100370,XRPBTC,0.00004258,"2019-06-25 01:41:06"
100406,XRPBTC,0.00004257,"2019-06-25 01:41:05"
100356,BNBBTC,0.00335780,"2019-06-25 01:41:05"
100416,BNBBTC,0.00335780,"2019-06-25 01:41:05"
100422,BNBBTC,0.00335780,"2019-06-25 01:41:05"
100401,LTCBTC,0.01231600,"2019-06-25 01:41:05"
100418,XRPBTC,0.00004257,"2019-06-25 01:41:05"
100393,ETHBTC,0.02801500,"2019-06-25 01:41:05"
100346,XRPBTC,0.00004257,"2019-06-25 01:41:05"
100395,LTCBTC,0.01231600,"2019-06-25 01:41:05"
100352,XRPBTC,0.00004257,"2019-06-25 01:41:05"
100355,EOSBTC,0.00065400,"2019-06-25 01:41:05"
100394,XRPBTC,0.00004257,"2019-06-25 01:41:05"
100396,BCCBTC,0.07908100,"2019-06-25 01:41:05"
100345,ETHBTC,0.02801500,"2019-06-25 01:41:05"
100384,BCCBTC,0.07908100,"2019-06-25 01:41:05"
100417,ETHBTC,0.02801500,"2019-06-25 01:41:05"
100407,LTCBTC,0.01231600,"2019-06-25 01:41:05"
100419,LTCBTC,0.01231600,"2019-06-25 01:41:05"
100364,XRPBTC,0.00004257,"2019-06-25 01:41:05"
100402,BCCBTC,0.07908100,"2019-06-25 01:41:05"
100348,BCCBTC,0.07908100,"2019-06-25 01:41:05"
100409,EOSBTC,0.00065400,"2019-06-25 01:41:05"
100375,ETHBTC,0.02801500,"2019-06-25 01:41:05"
100349,EOSBTC,0.00065400,"2019-06-25 01:41:05"
100368,BNBBTC,0.00335780,"2019-06-25 01:41:05"
100388,XRPBTC,0.00004257,"2019-06-25 01:41:05"
100399,ETHBTC,0.02801500,"2019-06-25 01:41:05"
100411,ETHBTC,0.02801500,"2019-06-25 01:41:05"
100415,EOSBTC,0.00065400,"2019-06-25 01:41:05"
100413,LTCBTC,0.01231600,"2019-06-25 01:41:05"
100379,EOSBTC,0.00065400,"2019-06-25 01:41:05"
100351,ETHBTC,0.02801500,"2019-06-25 01:41:05"
100381,ETHBTC,0.02801500,"2019-06-25 01:41:05"
100367,EOSBTC,0.00065400,"2019-06-25 01:41:05"
100403,EOSBTC,0.00065400,"2019-06-25 01:41:05"
100376,XRPBTC,0.00004257,"2019-06-25 01:41:05"
100366,BCCBTC,0.07908100,"2019-06-25 01:41:05"
100389,LTCBTC,0.01231600,"2019-06-25 01:41:05"
100380,BNBBTC,0.00335780,"2019-06-25 01:41:05"
100383,LTCBTC,0.01231600,"2019-06-25 01:41:05"
100405,ETHBTC,0.02801500,"2019-06-25 01:41:05"
100350,BNBBTC,0.00335780,"2019-06-25 01:41:05"
100387,ETHBTC,0.02801500,"2019-06-25 01:41:05"
100412,XRPBTC,0.00004257,"2019-06-25 01:41:05"
100377,LTCBTC,0.01231600,"2019-06-25 01:41:05"
100421,EOSBTC,0.00065400,"2019-06-25 01:41:05"
100397,EOSBTC,0.00065400,"2019-06-25 01:41:05"
100404,BNBBTC,0.00335780,"2019-06-25 01:41:05"
100408,BCCBTC,0.07908100,"2019-06-25 01:41:05"
100392,BNBBTC,0.00335780,"2019-06-25 01:41:05"
100390,BCCBTC,0.07908100,"2019-06-25 01:41:05"
100398,BNBBTC,0.00335780,"2019-06-25 01:41:05"
100365,LTCBTC,0.01231600,"2019-06-25 01:41:05"
100386,BNBBTC,0.00335780,"2019-06-25 01:41:05"
100378,BCCBTC,0.07908100,"2019-06-25 01:41:05"
100400,XRPBTC,0.00004257,"2019-06-25 01:41:05"
100363,ETHBTC,0.02801500,"2019-06-25 01:41:05"
100414,BCCBTC,0.07908100,"2019-06-25 01:41:05"
100410,BNBBTC,0.00335780,"2019-06-25 01:41:05"
100391,EOSBTC,0.00065400,"2019-06-25 01:41:05"
100354,BCCBTC,0.07908100,"2019-06-25 01:41:05"
100382,XRPBTC,0.00004257,"2019-06-25 01:41:05"
100385,EOSBTC,0.00065400,"2019-06-25 01:41:05"
100420,BCCBTC,0.07908100,"2019-06-25 01:41:05"
100353,LTCBTC,0.01231600,"2019-06-25 01:41:05"
100347,LTCBTC,0.01231600,"2019-06-25 01:41:05"
100340,XRPBTC,0.00004258,"2019-06-25 01:40:06"
100341,LTCBTC,0.01232100,"2019-06-25 01:40:06"
100344,BNBBTC,0.00335810,"2019-06-25 01:40:06"
100342,BCCBTC,0.07908100,"2019-06-25 01:40:06"
100343,EOSBTC,0.00065410,"2019-06-25 01:40:06"
100339,ETHBTC,0.02800500,"2019-06-25 01:40:06"
100293,LTCBTC,0.01232100,"2019-06-25 01:40:05"
100323,LTCBTC,0.01232100,"2019-06-25 01:40:05"
100325,EOSBTC,0.00065410,"2019-06-25 01:40:05"
100301,EOSBTC,0.00065410,"2019-06-25 01:40:05"
100271,EOSBTC,0.00065410,"2019-06-25 01:40:05"
100270,BCCBTC,0.07908100,"2019-06-25 01:40:05"
100298,XRPBTC,0.00004258,"2019-06-25 01:40:05"
100318,BCCBTC,0.07908100,"2019-06-25 01:40:05"
100290,BNBBTC,0.00335810,"2019-06-25 01:40:05"
100319,EOSBTC,0.00065410,"2019-06-25 01:40:05"
100256,XRPBTC,0.00004258,"2019-06-25 01:40:05"
100322,XRPBTC,0.00004258,"2019-06-25 01:40:05"
100291,ETHBTC,0.02800500,"2019-06-25 01:40:05"
100286,XRPBTC,0.00004258,"2019-06-25 01:40:05"
100268,XRPBTC,0.00004258,"2019-06-25 01:40:05"
100333,ETHBTC,0.02800500,"2019-06-25 01:40:05"
100306,BCCBTC,0.07908100,"2019-06-25 01:40:05"
100282,BCCBTC,0.07908100,"2019-06-25 01:40:05"
100260,BNBBTC,0.00335810,"2019-06-25 01:40:05"
100272,BNBBTC,0.00335810,"2019-06-25 01:40:05"
100320,BNBBTC,0.00335810,"2019-06-25 01:40:05"
100281,LTCBTC,0.01232100,"2019-06-25 01:40:05"
100299,LTCBTC,0.01232100,"2019-06-25 01:40:05"
100302,BNBBTC,0.00335810,"2019-06-25 01:40:05"
100324,BCCBTC,0.07908100,"2019-06-25 01:40:05"
100289,EOSBTC,0.00065410,"2019-06-25 01:40:05"
100258,BCCBTC,0.07908100,"2019-06-25 01:40:05"
100287,LTCBTC,0.01232100,"2019-06-25 01:40:05"
100336,BCCBTC,0.07908100,"2019-06-25 01:40:05"
100279,ETHBTC,0.02800500,"2019-06-25 01:40:05"
100269,LTCBTC,0.01232100,"2019-06-25 01:40:05"
100337,EOSBTC,0.00065410,"2019-06-25 01:40:05"
100294,BCCBTC,0.07908100,"2019-06-25 01:40:05"
100283,EOSBTC,0.00065410,"2019-06-25 01:40:05"
100308,BNBBTC,0.00335810,"2019-06-25 01:40:05"
100321,ETHBTC,0.02800500,"2019-06-25 01:40:05"
100303,ETHBTC,0.02800500,"2019-06-25 01:40:05"
100280,XRPBTC,0.00004258,"2019-06-25 01:40:05"
100297,ETHBTC,0.02800500,"2019-06-25 01:40:05"
100335,LTCBTC,0.01232100,"2019-06-25 01:40:05"
100284,BNBBTC,0.00335810,"2019-06-25 01:40:05"
100315,ETHBTC,0.02800500,"2019-06-25 01:40:05"
100304,XRPBTC,0.00004258,"2019-06-25 01:40:05"
100338,BNBBTC,0.00335810,"2019-06-25 01:40:05"
100285,ETHBTC,0.02800500,"2019-06-25 01:40:05"
100316,XRPBTC,0.00004258,"2019-06-25 01:40:05"
100295,EOSBTC,0.00065410,"2019-06-25 01:40:05"
100257,LTCBTC,0.01232100,"2019-06-25 01:40:05"
100317,LTCBTC,0.01232100,"2019-06-25 01:40:05"
100307,EOSBTC,0.00065410,"2019-06-25 01:40:05"
100267,ETHBTC,0.02800500,"2019-06-25 01:40:05"
100326,BNBBTC,0.00335810,"2019-06-25 01:40:05"
100259,EOSBTC,0.00065410,"2019-06-25 01:40:05"
100255,ETHBTC,0.02800500,"2019-06-25 01:40:05"
100305,LTCBTC,0.01232100,"2019-06-25 01:40:05"
100300,BCCBTC,0.07908100,"2019-06-25 01:40:05"
100334,XRPBTC,0.00004258,"2019-06-25 01:40:05"
100296,BNBBTC,0.00335810,"2019-06-25 01:40:05"
100292,XRPBTC,0.00004258,"2019-06-25 01:40:05"
100288,BCCBTC,0.07908100,"2019-06-25 01:40:05"
100277,EOSBTC,0.00065410,"2019-06-25 01:40:04"
100261,ETHBTC,0.02800500,"2019-06-25 01:40:04"
100264,BCCBTC,0.07908100,"2019-06-25 01:40:04"
100311,LTCBTC,0.01232100,"2019-06-25 01:40:04"
100314,BNBBTC,0.00335810,"2019-06-25 01:40:04"
100265,EOSBTC,0.00065410,"2019-06-25 01:40:04"
100263,LTCBTC,0.01232100,"2019-06-25 01:40:04"
100262,XRPBTC,0.00004258,"2019-06-25 01:40:04"
100276,BCCBTC,0.07908100,"2019-06-25 01:40:04"
100313,EOSBTC,0.00065410,"2019-06-25 01:40:04"
100330,BCCBTC,0.07908100,"2019-06-25 01:40:04"
100310,XRPBTC,0.00004258,"2019-06-25 01:40:04"
100328,XRPBTC,0.00004258,"2019-06-25 01:40:04"
100331,EOSBTC,0.00065410,"2019-06-25 01:40:04"
100312,BCCBTC,0.07908100,"2019-06-25 01:40:04"
100329,LTCBTC,0.01232100,"2019-06-25 01:40:04"
100278,BNBBTC,0.00335810,"2019-06-25 01:40:04"
100327,ETHBTC,0.02800500,"2019-06-25 01:40:04"
100266,BNBBTC,0.00335810,"2019-06-25 01:40:04"
100332,BNBBTC,0.00335810,"2019-06-25 01:40:04"
100273,ETHBTC,0.02800500,"2019-06-25 01:40:04"
100274,XRPBTC,0.00004258,"2019-06-25 01:40:04"
100309,ETHBTC,0.02800500,"2019-06-25 01:40:04"
100275,LTCBTC,0.01232100,"2019-06-25 01:40:04"
100249,ETHBTC,0.02800200,"2019-06-25 01:39:07"
100251,LTCBTC,0.01232100,"2019-06-25 01:39:07"
100254,BNBBTC,0.00336140,"2019-06-25 01:39:07"
100252,BCCBTC,0.07908100,"2019-06-25 01:39:07"
100250,XRPBTC,0.00004257,"2019-06-25 01:39:07"
100253,EOSBTC,0.00065400,"2019-06-25 01:39:07"
100213,ETHBTC,0.02800200,"2019-06-25 01:39:06"
100199,EOSBTC,0.00065400,"2019-06-25 01:39:06"
100192,BCCBTC,0.07908100,"2019-06-25 01:39:06"
100190,XRPBTC,0.00004256,"2019-06-25 01:39:06"
100166,XRPBTC,0.00004256,"2019-06-25 01:39:06"
100169,EOSBTC,0.00065400,"2019-06-25 01:39:06"
100215,LTCBTC,0.01232100,"2019-06-25 01:39:06"
100197,LTCBTC,0.01232100,"2019-06-25 01:39:06"
100182,BNBBTC,0.00336140,"2019-06-25 01:39:06"
100230,BNBBTC,0.00336140,"2019-06-25 01:39:06"
100231,ETHBTC,0.02800200,"2019-06-25 01:39:06"
100184,XRPBTC,0.00004256,"2019-06-25 01:39:06"
100207,ETHBTC,0.02800200,"2019-06-25 01:39:06"
100241,EOSBTC,0.00065400,"2019-06-25 01:39:06"
100175,EOSBTC,0.00065400,"2019-06-25 01:39:06"
100240,BCCBTC,0.07908100,"2019-06-25 01:39:06"
100203,LTCBTC,0.01232100,"2019-06-25 01:39:06"
100245,LTCBTC,0.01232100,"2019-06-25 01:39:06"
100165,ETHBTC,0.02800200,"2019-06-25 01:39:06"
100180,BCCBTC,0.07908100,"2019-06-25 01:39:06"
100248,BNBBTC,0.00336140,"2019-06-25 01:39:06"
100212,BNBBTC,0.00336140,"2019-06-25 01:39:06"
100178,XRPBTC,0.00004256,"2019-06-25 01:39:06"
100226,XRPBTC,0.00004256,"2019-06-25 01:39:06"
100214,XRPBTC,0.00004256,"2019-06-25 01:39:06"
100198,BCCBTC,0.07908100,"2019-06-25 01:39:06"
100196,XRPBTC,0.00004256,"2019-06-25 01:39:06"
100227,LTCBTC,0.01232100,"2019-06-25 01:39:06"
100246,BCCBTC,0.07908100,"2019-06-25 01:39:06"
100218,BNBBTC,0.00336140,"2019-06-25 01:39:06"
100228,BCCBTC,0.07908100,"2019-06-25 01:39:06"
100236,BNBBTC,0.00336140,"2019-06-25 01:39:06"
100217,EOSBTC,0.00065400,"2019-06-25 01:39:06"
100244,XRPBTC,0.00004257,"2019-06-25 01:39:06"
100193,EOSBTC,0.00065400,"2019-06-25 01:39:06"
100186,BCCBTC,0.07908100,"2019-06-25 01:39:06"
100185,LTCBTC,0.01232100,"2019-06-25 01:39:06"
100170,BNBBTC,0.00336140,"2019-06-25 01:39:06"
100181,EOSBTC,0.00065400,"2019-06-25 01:39:06"
100179,LTCBTC,0.01232100,"2019-06-25 01:39:06"
100210,BCCBTC,0.07908100,"2019-06-25 01:39:06"
100229,EOSBTC,0.00065400,"2019-06-25 01:39:06"
100168,BCCBTC,0.07908100,"2019-06-25 01:39:06"
100232,XRPBTC,0.00004256,"2019-06-25 01:39:06"
100172,XRPBTC,0.00004256,"2019-06-25 01:39:06"
100201,ETHBTC,0.02800200,"2019-06-25 01:39:06"
100206,BNBBTC,0.00336140,"2019-06-25 01:39:06"
100247,EOSBTC,0.00065400,"2019-06-25 01:39:06"
100167,LTCBTC,0.01232100,"2019-06-25 01:39:06"
100183,ETHBTC,0.02800200,"2019-06-25 01:39:06"
100187,EOSBTC,0.00065400,"2019-06-25 01:39:06"
100200,BNBBTC,0.00336140,"2019-06-25 01:39:06"
100233,LTCBTC,0.01232100,"2019-06-25 01:39:06"
100234,BCCBTC,0.07908100,"2019-06-25 01:39:06"
100242,BNBBTC,0.00336140,"2019-06-25 01:39:06"
100216,BCCBTC,0.07908100,"2019-06-25 01:39:06"
100195,ETHBTC,0.02800200,"2019-06-25 01:39:06"
100204,BCCBTC,0.07908100,"2019-06-25 01:39:06"
100189,ETHBTC,0.02800200,"2019-06-25 01:39:06"
100239,LTCBTC,0.01232100,"2019-06-25 01:39:06"
100191,LTCBTC,0.01232100,"2019-06-25 01:39:06"
100209,LTCBTC,0.01232100,"2019-06-25 01:39:06"
100205,EOSBTC,0.00065400,"2019-06-25 01:39:06"
100174,BCCBTC,0.07908100,"2019-06-25 01:39:06"
100208,XRPBTC,0.00004256,"2019-06-25 01:39:06"
100171,ETHBTC,0.02800200,"2019-06-25 01:39:06"
100173,LTCBTC,0.01232100,"2019-06-25 01:39:06"
100243,ETHBTC,0.02800200,"2019-06-25 01:39:06"
100235,EOSBTC,0.00065400,"2019-06-25 01:39:06"
100202,XRPBTC,0.00004256,"2019-06-25 01:39:06"
100211,EOSBTC,0.00065400,"2019-06-25 01:39:06"
100225,ETHBTC,0.02800200,"2019-06-25 01:39:06"
100238,XRPBTC,0.00004256,"2019-06-25 01:39:06"
100177,ETHBTC,0.02800200,"2019-06-25 01:39:06"
100176,BNBBTC,0.00336140,"2019-06-25 01:39:06"
100194,BNBBTC,0.00336140,"2019-06-25 01:39:06"
100237,ETHBTC,0.02800200,"2019-06-25 01:39:06"
100188,BNBBTC,0.00336140,"2019-06-25 01:39:06"
100219,ETHBTC,0.02800200,"2019-06-25 01:39:05"
100224,BNBBTC,0.00336140,"2019-06-25 01:39:05"
100221,LTCBTC,0.01232100,"2019-06-25 01:39:05"
100222,BCCBTC,0.07908100,"2019-06-25 01:39:05"
100220,XRPBTC,0.00004256,"2019-06-25 01:39:05"
100223,EOSBTC,0.00065400,"2019-06-25 01:39:05"
100163,EOSBTC,0.00065490,"2019-06-25 01:38:07"
100159,ETHBTC,0.02800800,"2019-06-25 01:38:07"
100164,BNBBTC,0.00335780,"2019-06-25 01:38:07"
100162,BCCBTC,0.07908100,"2019-06-25 01:38:07"
100160,XRPBTC,0.00004259,"2019-06-25 01:38:07"
100161,LTCBTC,0.01232100,"2019-06-25 01:38:07"
100120,BCCBTC,0.07908100,"2019-06-25 01:38:06"
100094,XRPBTC,0.00004259,"2019-06-25 01:38:06"
100095,LTCBTC,0.01232100,"2019-06-25 01:38:06"
100151,EOSBTC,0.00065490,"2019-06-25 01:38:06"
100141,ETHBTC,0.02800800,"2019-06-25 01:38:06"
100144,BCCBTC,0.07908100,"2019-06-25 01:38:06"
100143,LTCBTC,0.01232100,"2019-06-25 01:38:06"
100128,BNBBTC,0.00335780,"2019-06-25 01:38:06"
100096,BCCBTC,0.07908100,"2019-06-25 01:38:06"
100104,BNBBTC,0.00335780,"2019-06-25 01:38:06"
100087,ETHBTC,0.02800800,"2019-06-25 01:38:06"
100125,LTCBTC,0.01232100,"2019-06-25 01:38:06"
100102,BCCBTC,0.07908100,"2019-06-25 01:38:06"
100112,XRPBTC,0.00004259,"2019-06-25 01:38:06"
100086,BNBBTC,0.00335780,"2019-06-25 01:38:06"
100105,ETHBTC,0.02800800,"2019-06-25 01:38:06"
100106,XRPBTC,0.00004259,"2019-06-25 01:38:06"
100103,EOSBTC,0.00065490,"2019-06-25 01:38:06"
100098,BNBBTC,0.00335780,"2019-06-25 01:38:06"
100099,ETHBTC,0.02800800,"2019-06-25 01:38:06"
100122,BNBBTC,0.00335780,"2019-06-25 01:38:06"
100135,ETHBTC,0.02800800,"2019-06-25 01:38:06"
100139,EOSBTC,0.00065490,"2019-06-25 01:38:06"
100079,EOSBTC,0.00065490,"2019-06-25 01:38:06"
100091,EOSBTC,0.00065490,"2019-06-25 01:38:06"
100107,LTCBTC,0.01232100,"2019-06-25 01:38:06"
100118,XRPBTC,0.00004259,"2019-06-25 01:38:06"
100136,XRPBTC,0.00004259,"2019-06-25 01:38:06"
100154,XRPBTC,0.00004259,"2019-06-25 01:38:06"
100114,BCCBTC,0.07908100,"2019-06-25 01:38:06"
100076,XRPBTC,0.00004259,"2019-06-25 01:38:06"
100156,BCCBTC,0.07908100,"2019-06-25 01:38:06"
100147,ETHBTC,0.02800800,"2019-06-25 01:38:06"
100153,ETHBTC,0.02800800,"2019-06-25 01:38:06"
100117,ETHBTC,0.02800800,"2019-06-25 01:38:06"
100116,BNBBTC,0.00335780,"2019-06-25 01:38:06"
100130,XRPBTC,0.00004259,"2019-06-25 01:38:06"
100111,ETHBTC,0.02800800,"2019-06-25 01:38:06"
100126,BCCBTC,0.07908100,"2019-06-25 01:38:06"
100075,ETHBTC,0.02800800,"2019-06-25 01:38:06"
100081,ETHBTC,0.02800800,"2019-06-25 01:38:06"
100115,EOSBTC,0.00065490,"2019-06-25 01:38:06"
100078,BCCBTC,0.07908100,"2019-06-25 01:38:06"
100083,LTCBTC,0.01232100,"2019-06-25 01:38:06"
100080,BNBBTC,0.00335780,"2019-06-25 01:38:06"
100082,XRPBTC,0.00004259,"2019-06-25 01:38:06"
100090,BCCBTC,0.07908100,"2019-06-25 01:38:06"
100140,BNBBTC,0.00335780,"2019-06-25 01:38:06"
100124,XRPBTC,0.00004259,"2019-06-25 01:38:06"
100155,LTCBTC,0.01232100,"2019-06-25 01:38:06"
100157,EOSBTC,0.00065490,"2019-06-25 01:38:06"
100131,LTCBTC,0.01232100,"2019-06-25 01:38:06"
100113,LTCBTC,0.01232100,"2019-06-25 01:38:06"
100077,LTCBTC,0.01232100,"2019-06-25 01:38:06"
100121,EOSBTC,0.00065490,"2019-06-25 01:38:06"
100097,EOSBTC,0.00065490,"2019-06-25 01:38:06"
100150,BCCBTC,0.07908100,"2019-06-25 01:38:06"
100149,LTCBTC,0.01232100,"2019-06-25 01:38:06"
100127,EOSBTC,0.00065490,"2019-06-25 01:38:06"
100132,BCCBTC,0.07908100,"2019-06-25 01:38:06"
100089,LTCBTC,0.01232100,"2019-06-25 01:38:06"
100134,BNBBTC,0.00335780,"2019-06-25 01:38:06"
100133,EOSBTC,0.00065490,"2019-06-25 01:38:06"
100101,LTCBTC,0.01232100,"2019-06-25 01:38:06"
100119,LTCBTC,0.01232100,"2019-06-25 01:38:06"
100108,BCCBTC,0.07908100,"2019-06-25 01:38:06"
100152,BNBBTC,0.00335780,"2019-06-25 01:38:06"
100109,EOSBTC,0.00065490,"2019-06-25 01:38:06"
100137,LTCBTC,0.01232100,"2019-06-25 01:38:06"
100138,BCCBTC,0.07908100,"2019-06-25 01:38:06"
100129,ETHBTC,0.02800800,"2019-06-25 01:38:06"
100085,EOSBTC,0.00065490,"2019-06-25 01:38:06"
100148,XRPBTC,0.00004259,"2019-06-25 01:38:06"
100100,XRPBTC,0.00004259,"2019-06-25 01:38:06"
100110,BNBBTC,0.00335780,"2019-06-25 01:38:06"
100142,XRPBTC,0.00004259,"2019-06-25 01:38:06"
100084,BCCBTC,0.07908100,"2019-06-25 01:38:06"
100123,ETHBTC,0.02800800,"2019-06-25 01:38:06"
100146,BNBBTC,0.00335780,"2019-06-25 01:38:06"
100093,ETHBTC,0.02800800,"2019-06-25 01:38:06"
100145,EOSBTC,0.00065490,"2019-06-25 01:38:06"
100092,BNBBTC,0.00335780,"2019-06-25 01:38:06"
100158,BNBBTC,0.00335780,"2019-06-25 01:38:06"
100088,XRPBTC,0.00004259,"2019-06-25 01:38:06"
100072,BCCBTC,0.07908100,"2019-06-25 01:37:06"
100070,XRPBTC,0.00004260,"2019-06-25 01:37:06"
100071,LTCBTC,0.01232100,"2019-06-25 01:37:06"
100069,ETHBTC,0.02799900,"2019-06-25 01:37:06"
100073,EOSBTC,0.00065500,"2019-06-25 01:37:06"
100074,BNBBTC,0.00335600,"2019-06-25 01:37:06"
100061,EOSBTC,0.00065500,"2019-06-25 01:37:05"
100040,XRPBTC,0.00004260,"2019-06-25 01:37:05"
100034,XRPBTC,0.00004260,"2019-06-25 01:37:05"
99987,LTCBTC,0.01232100,"2019-06-25 01:37:05"
100021,ETHBTC,0.02799700,"2019-06-25 01:37:05"
100039,ETHBTC,0.02799700,"2019-06-25 01:37:05"
100048,BCCBTC,0.07908100,"2019-06-25 01:37:05"
99985,ETHBTC,0.02799700,"2019-06-25 01:37:05"
100062,BNBBTC,0.00335600,"2019-06-25 01:37:05"
100001,EOSBTC,0.00065500,"2019-06-25 01:37:05"
100016,XRPBTC,0.00004260,"2019-06-25 01:37:05"
100018,BCCBTC,0.07908100,"2019-06-25 01:37:05"
100032,BNBBTC,0.00335600,"2019-06-25 01:37:05"
100037,EOSBTC,0.00065500,"2019-06-25 01:37:05"
100058,XRPBTC,0.00004260,"2019-06-25 01:37:05"
100012,BCCBTC,0.07908100,"2019-06-25 01:37:05"
99993,LTCBTC,0.01232100,"2019-06-25 01:37:05"
99995,EOSBTC,0.00065500,"2019-06-25 01:37:05"
100044,BNBBTC,0.00335600,"2019-06-25 01:37:05"
100033,ETHBTC,0.02799700,"2019-06-25 01:37:05"
100035,LTCBTC,0.01232100,"2019-06-25 01:37:05"
100038,BNBBTC,0.00335600,"2019-06-25 01:37:05"
100052,XRPBTC,0.00004260,"2019-06-25 01:37:05"
99990,BNBBTC,0.00335600,"2019-06-25 01:37:05"
100017,LTCBTC,0.01232100,"2019-06-25 01:37:05"
100024,BCCBTC,0.07908100,"2019-06-25 01:37:05"
100019,EOSBTC,0.00065500,"2019-06-25 01:37:05"
100009,ETHBTC,0.02799700,"2019-06-25 01:37:05"
100045,ETHBTC,0.02799700,"2019-06-25 01:37:05"
100068,BNBBTC,0.00335600,"2019-06-25 01:37:05"
100063,ETHBTC,0.02799900,"2019-06-25 01:37:05"
100041,LTCBTC,0.01232100,"2019-06-25 01:37:05"
99986,XRPBTC,0.00004260,"2019-06-25 01:37:05"
100002,BNBBTC,0.00335600,"2019-06-25 01:37:05"
100008,BNBBTC,0.00335600,"2019-06-25 01:37:05"
100031,EOSBTC,0.00065500,"2019-06-25 01:37:05"
100066,BCCBTC,0.07908100,"2019-06-25 01:37:05"
100006,BCCBTC,0.07908100,"2019-06-25 01:37:05"
100059,LTCBTC,0.01232100,"2019-06-25 01:37:05"
100043,EOSBTC,0.00065500,"2019-06-25 01:37:05"
100060,BCCBTC,0.07908100,"2019-06-25 01:37:05"
100064,XRPBTC,0.00004260,"2019-06-25 01:37:05"
99989,EOSBTC,0.00065500,"2019-06-25 01:37:05"
100004,XRPBTC,0.00004260,"2019-06-25 01:37:05"
100036,BCCBTC,0.07908100,"2019-06-25 01:37:05"
100055,EOSBTC,0.00065500,"2019-06-25 01:37:05"
100057,ETHBTC,0.02799700,"2019-06-25 01:37:05"
100010,XRPBTC,0.00004260,"2019-06-25 01:37:05"
99996,BNBBTC,0.00335600,"2019-06-25 01:37:05"
99998,XRPBTC,0.00004260,"2019-06-25 01:37:05"
100053,LTCBTC,0.01232100,"2019-06-25 01:37:05"
100028,XRPBTC,0.00004260,"2019-06-25 01:37:05"
100011,LTCBTC,0.01232100,"2019-06-25 01:37:05"
100047,LTCBTC,0.01232100,"2019-06-25 01:37:05"
100029,LTCBTC,0.01232100,"2019-06-25 01:37:05"
100014,BNBBTC,0.00335600,"2019-06-25 01:37:05"
100020,BNBBTC,0.00335600,"2019-06-25 01:37:05"
100054,BCCBTC,0.07908100,"2019-06-25 01:37:05"
100049,EOSBTC,0.00065500,"2019-06-25 01:37:05"
100042,BCCBTC,0.07908100,"2019-06-25 01:37:05"
100030,BCCBTC,0.07908100,"2019-06-25 01:37:05"
99992,XRPBTC,0.00004260,"2019-06-25 01:37:05"
100003,ETHBTC,0.02799700,"2019-06-25 01:37:05"
99991,ETHBTC,0.02799700,"2019-06-25 01:37:05"
100007,EOSBTC,0.00065500,"2019-06-25 01:37:05"
99994,BCCBTC,0.07908100,"2019-06-25 01:37:05"
100027,ETHBTC,0.02799700,"2019-06-25 01:37:05"
100000,BCCBTC,0.07908100,"2019-06-25 01:37:05"
99988,BCCBTC,0.07908100,"2019-06-25 01:37:05"
100067,EOSBTC,0.00065500,"2019-06-25 01:37:05"
100050,BNBBTC,0.00335600,"2019-06-25 01:37:05"
100046,XRPBTC,0.00004260,"2019-06-25 01:37:05"
100022,XRPBTC,0.00004260,"2019-06-25 01:37:05"
99997,ETHBTC,0.02799700,"2019-06-25 01:37:05"
100026,BNBBTC,0.00335600,"2019-06-25 01:37:05"
100005,LTCBTC,0.01232100,"2019-06-25 01:37:05"
100013,EOSBTC,0.00065500,"2019-06-25 01:37:05"
100015,ETHBTC,0.02799700,"2019-06-25 01:37:05"
100051,ETHBTC,0.02799700,"2019-06-25 01:37:05"
99999,LTCBTC,0.01232100,"2019-06-25 01:37:05"
100025,EOSBTC,0.00065500,"2019-06-25 01:37:05"
100023,LTCBTC,0.01232100,"2019-06-25 01:37:05"
100056,BNBBTC,0.00335600,"2019-06-25 01:37:05"
100065,LTCBTC,0.01232100,"2019-06-25 01:37:05"
99980,XRPBTC,0.00004260,"2019-06-25 01:36:06"
99983,EOSBTC,0.00065450,"2019-06-25 01:36:06"
99982,BCCBTC,0.07908100,"2019-06-25 01:36:06"
99984,BNBBTC,0.00335650,"2019-06-25 01:36:06"
99981,LTCBTC,0.01232200,"2019-06-25 01:36:06"
99979,ETHBTC,0.02801300,"2019-06-25 01:36:06"
99965,EOSBTC,0.00065450,"2019-06-25 01:36:05"
99958,BCCBTC,0.07908100,"2019-06-25 01:36:05"
99909,LTCBTC,0.01232200,"2019-06-25 01:36:05"
99961,ETHBTC,0.02801300,"2019-06-25 01:36:05"
99935,EOSBTC,0.00065450,"2019-06-25 01:36:05"
99969,LTCBTC,0.01232200,"2019-06-25 01:36:05"
99925,ETHBTC,0.02801300,"2019-06-25 01:36:05"
99952,BCCBTC,0.07908100,"2019-06-25 01:36:05"
99903,LTCBTC,0.01232200,"2019-06-25 01:36:05"
99902,XRPBTC,0.00004260,"2019-06-25 01:36:05"
99963,LTCBTC,0.01232200,"2019-06-25 01:36:05"
99928,BCCBTC,0.07908100,"2019-06-25 01:36:05"
99937,ETHBTC,0.02801300,"2019-06-25 01:36:05"
99975,LTCBTC,0.01232200,"2019-06-25 01:36:05"
99960,BNBBTC,0.00335830,"2019-06-25 01:36:05"
99945,LTCBTC,0.01232200,"2019-06-25 01:36:05"
99936,BNBBTC,0.00335830,"2019-06-25 01:36:05"
99944,XRPBTC,0.00004260,"2019-06-25 01:36:05"
99908,XRPBTC,0.00004260,"2019-06-25 01:36:05"
99913,ETHBTC,0.02801300,"2019-06-25 01:36:05"
99897,LTCBTC,0.01232200,"2019-06-25 01:36:05"
99957,LTCBTC,0.01232200,"2019-06-25 01:36:05"
99915,LTCBTC,0.01232200,"2019-06-25 01:36:05"
99972,BNBBTC,0.00335830,"2019-06-25 01:36:05"
99924,BNBBTC,0.00335830,"2019-06-25 01:36:05"
99967,ETHBTC,0.02801300,"2019-06-25 01:36:05"
99959,EOSBTC,0.00065450,"2019-06-25 01:36:05"
99901,ETHBTC,0.02801300,"2019-06-25 01:36:05"
99919,ETHBTC,0.02801300,"2019-06-25 01:36:05"
99942,BNBBTC,0.00335830,"2019-06-25 01:36:05"
99922,BCCBTC,0.07908100,"2019-06-25 01:36:05"
99906,BNBBTC,0.00335830,"2019-06-25 01:36:05"
99907,ETHBTC,0.02801300,"2019-06-25 01:36:05"
99956,XRPBTC,0.00004260,"2019-06-25 01:36:05"
99931,ETHBTC,0.02801300,"2019-06-25 01:36:05"
99947,EOSBTC,0.00065450,"2019-06-25 01:36:05"
99917,EOSBTC,0.00065450,"2019-06-25 01:36:05"
99954,BNBBTC,0.00335830,"2019-06-25 01:36:05"
99977,EOSBTC,0.00065450,"2019-06-25 01:36:05"
99939,LTCBTC,0.01232200,"2019-06-25 01:36:05"
99955,ETHBTC,0.02801300,"2019-06-25 01:36:05"
99948,BNBBTC,0.00335830,"2019-06-25 01:36:05"
99934,BCCBTC,0.07908100,"2019-06-25 01:36:05"
99930,BNBBTC,0.00335830,"2019-06-25 01:36:05"
99914,XRPBTC,0.00004260,"2019-06-25 01:36:05"
99905,EOSBTC,0.00065450,"2019-06-25 01:36:05"
99966,BNBBTC,0.00335830,"2019-06-25 01:36:05"
99971,EOSBTC,0.00065450,"2019-06-25 01:36:05"
99940,BCCBTC,0.07908100,"2019-06-25 01:36:05"
99900,BNBBTC,0.00335830,"2019-06-25 01:36:05"
99898,BCCBTC,0.07908100,"2019-06-25 01:36:05"
99921,LTCBTC,0.01232200,"2019-06-25 01:36:05"
99926,XRPBTC,0.00004260,"2019-06-25 01:36:05"
99973,ETHBTC,0.02801300,"2019-06-25 01:36:05"
99962,XRPBTC,0.00004260,"2019-06-25 01:36:05"
99927,LTCBTC,0.01232200,"2019-06-25 01:36:05"
99968,XRPBTC,0.00004260,"2019-06-25 01:36:05"
99895,ETHBTC,0.02801300,"2019-06-25 01:36:05"
99904,BCCBTC,0.07908100,"2019-06-25 01:36:05"
99976,BCCBTC,0.07908100,"2019-06-25 01:36:05"
99949,ETHBTC,0.02801300,"2019-06-25 01:36:05"
99920,XRPBTC,0.00004260,"2019-06-25 01:36:05"
99933,LTCBTC,0.01232200,"2019-06-25 01:36:05"
99912,BNBBTC,0.00335830,"2019-06-25 01:36:05"
99929,EOSBTC,0.00065450,"2019-06-25 01:36:05"
99953,EOSBTC,0.00065450,"2019-06-25 01:36:05"
99899,EOSBTC,0.00065450,"2019-06-25 01:36:05"
99910,BCCBTC,0.07908100,"2019-06-25 01:36:05"
99970,BCCBTC,0.07908100,"2019-06-25 01:36:05"
99974,XRPBTC,0.00004260,"2019-06-25 01:36:05"
99978,BNBBTC,0.00335830,"2019-06-25 01:36:05"
99938,XRPBTC,0.00004260,"2019-06-25 01:36:05"
99916,BCCBTC,0.07908100,"2019-06-25 01:36:05"
99943,ETHBTC,0.02801300,"2019-06-25 01:36:05"
99918,BNBBTC,0.00335830,"2019-06-25 01:36:05"
99951,LTCBTC,0.01232200,"2019-06-25 01:36:05"
99932,XRPBTC,0.00004260,"2019-06-25 01:36:05"
99950,XRPBTC,0.00004260,"2019-06-25 01:36:05"
99941,EOSBTC,0.00065450,"2019-06-25 01:36:05"
99946,BCCBTC,0.07908100,"2019-06-25 01:36:05"
99911,EOSBTC,0.00065450,"2019-06-25 01:36:05"
99923,EOSBTC,0.00065450,"2019-06-25 01:36:05"
99964,BCCBTC,0.07908100,"2019-06-25 01:36:05"
99896,XRPBTC,0.00004260,"2019-06-25 01:36:05"
99894,BNBBTC,0.00335280,"2019-06-25 01:35:06"
99890,XRPBTC,0.00004261,"2019-06-25 01:35:06"
99889,ETHBTC,0.02801500,"2019-06-25 01:35:06"
99891,LTCBTC,0.01231900,"2019-06-25 01:35:06"
99893,EOSBTC,0.00065410,"2019-06-25 01:35:06"
99892,BCCBTC,0.07908100,"2019-06-25 01:35:06"
99845,EOSBTC,0.00065410,"2019-06-25 01:35:05"
99806,XRPBTC,0.00004261,"2019-06-25 01:35:05"
99876,BNBBTC,0.00335280,"2019-06-25 01:35:05"
99816,BNBBTC,0.00335280,"2019-06-25 01:35:05"
99836,XRPBTC,0.00004261,"2019-06-25 01:35:05"
99877,ETHBTC,0.02800300,"2019-06-25 01:35:05"
99811,ETHBTC,0.02800300,"2019-06-25 01:35:05"
99843,LTCBTC,0.01231900,"2019-06-25 01:35:05"
99828,BNBBTC,0.00335280,"2019-06-25 01:35:05"
99840,BNBBTC,0.00335280,"2019-06-25 01:35:05"
99864,BNBBTC,0.00335280,"2019-06-25 01:35:05"
99866,XRPBTC,0.00004261,"2019-06-25 01:35:05"
99880,BCCBTC,0.07908100,"2019-06-25 01:35:05"
99875,EOSBTC,0.00065410,"2019-06-25 01:35:05"
99809,EOSBTC,0.00065410,"2019-06-25 01:35:05"
99844,BCCBTC,0.07908100,"2019-06-25 01:35:05"
99855,LTCBTC,0.01231900,"2019-06-25 01:35:05"
99888,BNBBTC,0.00335280,"2019-06-25 01:35:05"
99841,ETHBTC,0.02800300,"2019-06-25 01:35:05"
99873,LTCBTC,0.01231900,"2019-06-25 01:35:05"
99867,LTCBTC,0.01231900,"2019-06-25 01:35:05"
99807,LTCBTC,0.01231900,"2019-06-25 01:35:05"
99854,XRPBTC,0.00004261,"2019-06-25 01:35:05"
99883,ETHBTC,0.02800300,"2019-06-25 01:35:05"
99869,EOSBTC,0.00065410,"2019-06-25 01:35:05"
99870,BNBBTC,0.00335280,"2019-06-25 01:35:05"
99810,BNBBTC,0.00335280,"2019-06-25 01:35:05"
99858,BNBBTC,0.00335280,"2019-06-25 01:35:05"
99878,XRPBTC,0.00004261,"2019-06-25 01:35:05"
99852,BNBBTC,0.00335280,"2019-06-25 01:35:05"
99822,BNBBTC,0.00335280,"2019-06-25 01:35:05"
99871,ETHBTC,0.02800300,"2019-06-25 01:35:05"
99829,ETHBTC,0.02800300,"2019-06-25 01:35:05"
99839,EOSBTC,0.00065410,"2019-06-25 01:35:05"
99812,XRPBTC,0.00004261,"2019-06-25 01:35:05"
99861,LTCBTC,0.01231900,"2019-06-25 01:35:05"
99872,XRPBTC,0.00004261,"2019-06-25 01:35:05"
99820,BCCBTC,0.07908100,"2019-06-25 01:35:05"
99821,EOSBTC,0.00065410,"2019-06-25 01:35:05"
99868,BCCBTC,0.07908100,"2019-06-25 01:35:05"
99818,XRPBTC,0.00004261,"2019-06-25 01:35:05"
99813,LTCBTC,0.01231900,"2019-06-25 01:35:05"
99859,ETHBTC,0.02800300,"2019-06-25 01:35:05"
99814,BCCBTC,0.07908100,"2019-06-25 01:35:05"
99824,XRPBTC,0.00004261,"2019-06-25 01:35:05"
99837,LTCBTC,0.01231900,"2019-06-25 01:35:05"
99833,EOSBTC,0.00065410,"2019-06-25 01:35:05"
99808,BCCBTC,0.07908100,"2019-06-25 01:35:05"
99882,BNBBTC,0.00335280,"2019-06-25 01:35:05"
99832,BCCBTC,0.07908100,"2019-06-25 01:35:05"
99879,LTCBTC,0.01231900,"2019-06-25 01:35:05"
99842,XRPBTC,0.00004261,"2019-06-25 01:35:05"
99835,ETHBTC,0.02800300,"2019-06-25 01:35:05"
99849,LTCBTC,0.01231900,"2019-06-25 01:35:05"
99847,ETHBTC,0.02800300,"2019-06-25 01:35:05"
99885,LTCBTC,0.01231900,"2019-06-25 01:35:05"
99826,BCCBTC,0.07908100,"2019-06-25 01:35:05"
99825,LTCBTC,0.01231900,"2019-06-25 01:35:05"
99860,XRPBTC,0.00004261,"2019-06-25 01:35:05"
99887,EOSBTC,0.00065410,"2019-06-25 01:35:05"
99856,BCCBTC,0.07908100,"2019-06-25 01:35:05"
99834,BNBBTC,0.00335280,"2019-06-25 01:35:05"
99851,EOSBTC,0.00065410,"2019-06-25 01:35:05"
99815,EOSBTC,0.00065410,"2019-06-25 01:35:05"
99823,ETHBTC,0.02800300,"2019-06-25 01:35:05"
99865,ETHBTC,0.02800300,"2019-06-25 01:35:05"
99830,XRPBTC,0.00004261,"2019-06-25 01:35:05"
99850,BCCBTC,0.07908100,"2019-06-25 01:35:05"
99863,EOSBTC,0.00065410,"2019-06-25 01:35:05"
99805,ETHBTC,0.02800300,"2019-06-25 01:35:05"
99827,EOSBTC,0.00065410,"2019-06-25 01:35:05"
99817,ETHBTC,0.02800300,"2019-06-25 01:35:05"
99853,ETHBTC,0.02800300,"2019-06-25 01:35:05"
99874,BCCBTC,0.07908100,"2019-06-25 01:35:05"
99846,BNBBTC,0.00335280,"2019-06-25 01:35:05"
99831,LTCBTC,0.01231900,"2019-06-25 01:35:05"
99819,LTCBTC,0.01231900,"2019-06-25 01:35:05"
99881,EOSBTC,0.00065410,"2019-06-25 01:35:05"
99884,XRPBTC,0.00004261,"2019-06-25 01:35:05"
99838,BCCBTC,0.07908100,"2019-06-25 01:35:05"
99857,EOSBTC,0.00065410,"2019-06-25 01:35:05"
99886,BCCBTC,0.07908100,"2019-06-25 01:35:05"
99862,BCCBTC,0.07908100,"2019-06-25 01:35:05"
99848,XRPBTC,0.00004261,"2019-06-25 01:35:05"
99803,EOSBTC,0.00065480,"2019-06-25 01:34:06"
99800,XRPBTC,0.00004258,"2019-06-25 01:34:06"
99799,ETHBTC,0.02802500,"2019-06-25 01:34:06"
99802,BCCBTC,0.07908100,"2019-06-25 01:34:06"
99801,LTCBTC,0.01232300,"2019-06-25 01:34:06"
99804,BNBBTC,0.00335740,"2019-06-25 01:34:06"
99752,XRPBTC,0.00004258,"2019-06-25 01:34:05"
99779,EOSBTC,0.00065480,"2019-06-25 01:34:05"
99792,BNBBTC,0.00335750,"2019-06-25 01:34:05"
99715,ETHBTC,0.02802000,"2019-06-25 01:34:05"
99748,BCCBTC,0.07908100,"2019-06-25 01:34:05"
99746,XRPBTC,0.00004258,"2019-06-25 01:34:05"
99761,EOSBTC,0.00065480,"2019-06-25 01:34:05"
99718,BCCBTC,0.07908100,"2019-06-25 01:34:05"
99783,LTCBTC,0.01232300,"2019-06-25 01:34:05"
99798,BNBBTC,0.00335750,"2019-06-25 01:34:05"
99781,ETHBTC,0.02802000,"2019-06-25 01:34:05"
99796,BCCBTC,0.07908100,"2019-06-25 01:34:05"
99782,XRPBTC,0.00004258,"2019-06-25 01:34:05"
99795,LTCBTC,0.01232300,"2019-06-25 01:34:05"
99747,LTCBTC,0.01232300,"2019-06-25 01:34:05"
99780,BNBBTC,0.00335750,"2019-06-25 01:34:05"
99740,XRPBTC,0.00004258,"2019-06-25 01:34:05"
99778,BCCBTC,0.07908100,"2019-06-25 01:34:05"
99754,BCCBTC,0.07908100,"2019-06-25 01:34:05"
99750,BNBBTC,0.00335750,"2019-06-25 01:34:05"
99759,LTCBTC,0.01232300,"2019-06-25 01:34:05"
99770,XRPBTC,0.00004258,"2019-06-25 01:34:05"
99741,LTCBTC,0.01232300,"2019-06-25 01:34:05"
99742,BCCBTC,0.07908100,"2019-06-25 01:34:05"
99751,ETHBTC,0.02802000,"2019-06-25 01:34:05"
99724,BCCBTC,0.07908100,"2019-06-25 01:34:05"
99757,ETHBTC,0.02802000,"2019-06-25 01:34:05"
99727,ETHBTC,0.02802000,"2019-06-25 01:34:05"
99776,XRPBTC,0.00004258,"2019-06-25 01:34:05"
99793,ETHBTC,0.02802500,"2019-06-25 01:34:05"
99716,XRPBTC,0.00004258,"2019-06-25 01:34:05"
99775,ETHBTC,0.02802000,"2019-06-25 01:34:05"
99732,BNBBTC,0.00335750,"2019-06-25 01:34:05"
99739,ETHBTC,0.02802000,"2019-06-25 01:34:05"
99717,LTCBTC,0.01232300,"2019-06-25 01:34:05"
99762,BNBBTC,0.00335750,"2019-06-25 01:34:05"
99744,BNBBTC,0.00335750,"2019-06-25 01:34:05"
99788,XRPBTC,0.00004258,"2019-06-25 01:34:05"
99769,ETHBTC,0.02802000,"2019-06-25 01:34:05"
99729,LTCBTC,0.01232300,"2019-06-25 01:34:05"
99721,ETHBTC,0.02802000,"2019-06-25 01:34:05"
99730,BCCBTC,0.07908100,"2019-06-25 01:34:05"
99728,XRPBTC,0.00004258,"2019-06-25 01:34:05"
99755,EOSBTC,0.00065480,"2019-06-25 01:34:05"
99797,EOSBTC,0.00065480,"2019-06-25 01:34:05"
99760,BCCBTC,0.07908100,"2019-06-25 01:34:05"
99722,XRPBTC,0.00004258,"2019-06-25 01:34:05"
99749,EOSBTC,0.00065480,"2019-06-25 01:34:05"
99771,LTCBTC,0.01232300,"2019-06-25 01:34:05"
99790,BCCBTC,0.07908100,"2019-06-25 01:34:05"
99720,BNBBTC,0.00335750,"2019-06-25 01:34:05"
99719,EOSBTC,0.00065480,"2019-06-25 01:34:05"
99787,ETHBTC,0.02802000,"2019-06-25 01:34:05"
99785,EOSBTC,0.00065480,"2019-06-25 01:34:05"
99753,LTCBTC,0.01232300,"2019-06-25 01:34:05"
99791,EOSBTC,0.00065480,"2019-06-25 01:34:05"
99794,XRPBTC,0.00004258,"2019-06-25 01:34:05"
99758,XRPBTC,0.00004258,"2019-06-25 01:34:05"
99786,BNBBTC,0.00335750,"2019-06-25 01:34:05"
99726,BNBBTC,0.00335750,"2019-06-25 01:34:05"
99745,ETHBTC,0.02802500,"2019-06-25 01:34:05"
99774,BNBBTC,0.00335750,"2019-06-25 01:34:05"
99743,EOSBTC,0.00065480,"2019-06-25 01:34:05"
99777,LTCBTC,0.01232300,"2019-06-25 01:34:05"
99772,BCCBTC,0.07908100,"2019-06-25 01:34:05"
99725,EOSBTC,0.00065480,"2019-06-25 01:34:05"
99789,LTCBTC,0.01232300,"2019-06-25 01:34:05"
99773,EOSBTC,0.00065480,"2019-06-25 01:34:05"
99731,EOSBTC,0.00065480,"2019-06-25 01:34:05"
99784,BCCBTC,0.07908100,"2019-06-25 01:34:05"
99723,LTCBTC,0.01232300,"2019-06-25 01:34:05"
99756,BNBBTC,0.00335750,"2019-06-25 01:34:05"
99734,XRPBTC,0.00004258,"2019-06-25 01:34:04"
99768,BNBBTC,0.00335750,"2019-06-25 01:34:04"
99764,XRPBTC,0.00004258,"2019-06-25 01:34:04"
99765,LTCBTC,0.01232300,"2019-06-25 01:34:04"
99733,ETHBTC,0.02802000,"2019-06-25 01:34:04"
99738,BNBBTC,0.00335750,"2019-06-25 01:34:04"
99735,LTCBTC,0.01232300,"2019-06-25 01:34:04"
99763,ETHBTC,0.02802000,"2019-06-25 01:34:04"
99766,BCCBTC,0.07908100,"2019-06-25 01:34:04"
99737,EOSBTC,0.00065480,"2019-06-25 01:34:04"
99736,BCCBTC,0.07908100,"2019-06-25 01:34:04"
99767,EOSBTC,0.00065480,"2019-06-25 01:34:04"
99713,EOSBTC,0.00065460,"2019-06-25 01:33:07"
99712,BCCBTC,0.07908100,"2019-06-25 01:33:07"
99711,LTCBTC,0.01232300,"2019-06-25 01:33:07"
99709,ETHBTC,0.02802200,"2019-06-25 01:33:07"
99714,BNBBTC,0.00335810,"2019-06-25 01:33:07"
99710,XRPBTC,0.00004257,"2019-06-25 01:33:07"
99627,LTCBTC,0.01232300,"2019-06-25 01:33:06"
99668,XRPBTC,0.00004257,"2019-06-25 01:33:06"
99643,ETHBTC,0.02802800,"2019-06-25 01:33:06"
99655,ETHBTC,0.02802800,"2019-06-25 01:33:06"
99628,BCCBTC,0.07908100,"2019-06-25 01:33:06"
99702,BNBBTC,0.00335960,"2019-06-25 01:33:06"
99665,EOSBTC,0.00065460,"2019-06-25 01:33:06"
99648,BNBBTC,0.00335810,"2019-06-25 01:33:06"
99662,XRPBTC,0.00004257,"2019-06-25 01:33:06"
99708,BNBBTC,0.00335810,"2019-06-25 01:33:06"
99703,ETHBTC,0.02802200,"2019-06-25 01:33:06"
99626,XRPBTC,0.00004257,"2019-06-25 01:33:06"
99630,BNBBTC,0.00335960,"2019-06-25 01:33:06"
99691,ETHBTC,0.02802800,"2019-06-25 01:33:06"
99670,BCCBTC,0.07908100,"2019-06-25 01:33:06"
99693,LTCBTC,0.01232300,"2019-06-25 01:33:06"
99685,ETHBTC,0.02802800,"2019-06-25 01:33:06"
99690,BNBBTC,0.00335960,"2019-06-25 01:33:06"
99707,EOSBTC,0.00065460,"2019-06-25 01:33:06"
99671,EOSBTC,0.00065460,"2019-06-25 01:33:06"
99697,ETHBTC,0.02802800,"2019-06-25 01:33:06"
99658,BCCBTC,0.07908100,"2019-06-25 01:33:06"
99647,EOSBTC,0.00065460,"2019-06-25 01:33:06"
99642,BNBBTC,0.00335960,"2019-06-25 01:33:06"
99653,EOSBTC,0.00065460,"2019-06-25 01:33:06"
99667,ETHBTC,0.02802800,"2019-06-25 01:33:06"
99645,LTCBTC,0.01232300,"2019-06-25 01:33:06"
99657,LTCBTC,0.01232300,"2019-06-25 01:33:06"
99631,ETHBTC,0.02802800,"2019-06-25 01:33:06"
99636,BNBBTC,0.00335960,"2019-06-25 01:33:06"
99649,ETHBTC,0.02802800,"2019-06-25 01:33:06"
99654,BNBBTC,0.00335960,"2019-06-25 01:33:06"
99650,XRPBTC,0.00004257,"2019-06-25 01:33:06"
99692,XRPBTC,0.00004257,"2019-06-25 01:33:06"
99664,BCCBTC,0.07908100,"2019-06-25 01:33:06"
99698,XRPBTC,0.00004257,"2019-06-25 01:33:06"
99646,BCCBTC,0.07908100,"2019-06-25 01:33:06"
99656,XRPBTC,0.00004257,"2019-06-25 01:33:06"
99666,BNBBTC,0.00335960,"2019-06-25 01:33:06"
99705,LTCBTC,0.01232300,"2019-06-25 01:33:06"
99688,BCCBTC,0.07908100,"2019-06-25 01:33:06"
99663,LTCBTC,0.01232300,"2019-06-25 01:33:06"
99638,XRPBTC,0.00004257,"2019-06-25 01:33:06"
99689,EOSBTC,0.00065460,"2019-06-25 01:33:06"
99699,LTCBTC,0.01232300,"2019-06-25 01:33:06"
99660,BNBBTC,0.00335960,"2019-06-25 01:33:06"
99669,LTCBTC,0.01232300,"2019-06-25 01:33:06"
99633,LTCBTC,0.01232300,"2019-06-25 01:33:06"
99640,BCCBTC,0.07908100,"2019-06-25 01:33:06"
99635,EOSBTC,0.00065460,"2019-06-25 01:33:06"
99701,EOSBTC,0.00065460,"2019-06-25 01:33:06"
99639,LTCBTC,0.01232300,"2019-06-25 01:33:06"
99704,XRPBTC,0.00004257,"2019-06-25 01:33:06"
99706,BCCBTC,0.07908100,"2019-06-25 01:33:06"
99695,EOSBTC,0.00065460,"2019-06-25 01:33:06"
99686,XRPBTC,0.00004257,"2019-06-25 01:33:06"
99672,BNBBTC,0.00335960,"2019-06-25 01:33:06"
99661,ETHBTC,0.02802800,"2019-06-25 01:33:06"
99687,LTCBTC,0.01232300,"2019-06-25 01:33:06"
99637,ETHBTC,0.02802800,"2019-06-25 01:33:06"
99652,BCCBTC,0.07908100,"2019-06-25 01:33:06"
99659,EOSBTC,0.00065460,"2019-06-25 01:33:06"
99625,ETHBTC,0.02802800,"2019-06-25 01:33:06"
99694,BCCBTC,0.07908100,"2019-06-25 01:33:06"
99644,XRPBTC,0.00004257,"2019-06-25 01:33:06"
99696,BNBBTC,0.00335960,"2019-06-25 01:33:06"
99641,EOSBTC,0.00065460,"2019-06-25 01:33:06"
99700,BCCBTC,0.07908100,"2019-06-25 01:33:06"
99634,BCCBTC,0.07908100,"2019-06-25 01:33:06"
99651,LTCBTC,0.01232300,"2019-06-25 01:33:06"
99632,XRPBTC,0.00004257,"2019-06-25 01:33:06"
99629,EOSBTC,0.00065460,"2019-06-25 01:33:06"
99674,XRPBTC,0.00004257,"2019-06-25 01:33:05"
99673,ETHBTC,0.02802800,"2019-06-25 01:33:05"
99682,BCCBTC,0.07908100,"2019-06-25 01:33:05"
99677,EOSBTC,0.00065460,"2019-06-25 01:33:05"
99684,BNBBTC,0.00335960,"2019-06-25 01:33:05"
99683,EOSBTC,0.00065460,"2019-06-25 01:33:05"
99680,XRPBTC,0.00004257,"2019-06-25 01:33:05"
99676,BCCBTC,0.07908100,"2019-06-25 01:33:05"
99679,ETHBTC,0.02802800,"2019-06-25 01:33:05"
99678,BNBBTC,0.00335960,"2019-06-25 01:33:05"
99675,LTCBTC,0.01232300,"2019-06-25 01:33:05"
99681,LTCBTC,0.01232300,"2019-06-25 01:33:05"
99620,XRPBTC,0.00004256,"2019-06-25 01:32:06"
99623,EOSBTC,0.00065460,"2019-06-25 01:32:06"
99621,LTCBTC,0.01232800,"2019-06-25 01:32:06"
99624,BNBBTC,0.00336000,"2019-06-25 01:32:06"
99622,BCCBTC,0.07908100,"2019-06-25 01:32:06"
99619,ETHBTC,0.02801500,"2019-06-25 01:32:06"
99541,ETHBTC,0.02801500,"2019-06-25 01:32:05"
99537,LTCBTC,0.01232800,"2019-06-25 01:32:05"
99538,BCCBTC,0.07908100,"2019-06-25 01:32:05"
99540,BNBBTC,0.00336010,"2019-06-25 01:32:05"
